math,reading,writing,attendance,homework,grade
66.0,35,26.0,88,88,B
39.0,48,14.0,84,34,a
38.0,6,100.0,42,55,C
75.0,97,49.0,57,23,bardzo dobry
92.0,53,48.0,56,63,B
88.0,70,16.0,150,53,B
23.0,76,33.0,89,44,C
16.0,48,27.0,72,37,D
95.0,-20,4.0,40,20,C
43.0,12,5.0,90,73,C
93.0,1,86.0,97,76,A
6.0,83,61.0,6,87,C
87.0,36,19.0,25,14,D
45.0,61,34.0,20,69,C
79.0,79,51.0,39,29,B
40.0,43,8.0,30,16,D
12.0,92,66.0,7,36,C
98.0,58,38.0,12,7,C
37.0,78,15.0,13,76,C
10.0,75,89.0,66,74,B
31.0,76,62.0,36,27,C
67.0,56,91.0,2,86,B
62.0,45,92.0,20,18,C
25.0,93,15.0,67,60,C
27.0,14,28.0,57,30,D
21.0,80,12.0,65,15,D
2.0,71,70.0,2,39,D
39.0,15,89.0,32,54,C
73.0,11,43.0,36,48,C
54.0,85,52.0,75,39,B
43.0,12,31.0,97,20,C
79.0,57,10.0,49,60,C
58.0,76,35.0,52,0,C
5.0,69,75.0,55,62,C
57.0,8,73.0,72,99,B
73.0,28,12.0,3,95,C
92.0,76,6.0,14,31,C
33.0,65,62.0,35,19,C
30.0,31,91.0,97,88,A
15.0,36,66.0,31,27,D
25.0,40,9.0,26,89,D
3.0,96,71.0,64,98,A
13.0,34,54.0,69,82,C
29.0,27,40.0,19,94,C
39.0,58,71.0,3,4,D
12.0,94,57.0,1,4,D
71.0,80,94.0,47,55,A
17.0,99,95.0,1,94,B
91.0,64,7.0,49,12,C
39.0,71,65.0,44,43,C
75.0,79,97.0,6,40,B
69.0,9,85.0,88,86,A
26.0,38,32.0,62,64,C
27.0,21,74.0,17,23,D
8.0,48,87.0,15,97,C
32.0,8,56.0,60,26,D
50.0,79,,18,79,bardzo dobry
7.0,69,,69,76,B
81.0,67,,25,0,C
63.0,75,,80,0,C
96.0,76,,69,20,B
98.0,74,,39,0,C
64.0,84,,8,12,C
16.0,95,,55,24,B
10.0,2,,66,78,C
1.0,6,,30,16,D
8.0,4,,47,96,C
30.0,25,,1,22,D
83.0,54,40.0,10,73,C
57.0,54,10.0,58,76,C
25.0,52,78.0,10,24,D
69.0,79,80.0,35,24,B
86.0,45,88.0,13,30,C
18.0,46,36.0,85,70,C
27.0,71,24.0,93,1,C
7.0,68,3.0,75,71,C
77.0,28,85.0,62,98,A
27.0,16,18.0,5,47,D
89.0,55,68.0,40,90,a
67.0,56,93.0,21,22,C
83.0,79,40.0,52,65,B
83.0,74,4.0,8,38,C
66.0,63,27.0,93,79,A
18.0,55,32.0,86,23,C
71.0,53,61.0,77,11,C
92.0,49,77.0,16,34,C
5.0,62,63.0,51,64,C
5.0,15,37.0,72,90,C
42.0,81,28.0,44,23,C
2.0,75,61.0,54,98,B
93.0,3,18.0,51,72,C
82.0,95,63.0,50,60,A
97.0,46,47.0,65,31,B
33.0,74,17.0,65,70,C
43.0,21,13.0,93,9,D
98.0,28,92.0,40,89,A
39.0,79,16.0,79,25,C
91.0,54,17.0,46,61,C
98.0,69,96.0,76,70,A
38.0,29,7.0,37,39,D
65.0,44,38.0,90,73,B
98.0,93,82.0,90,20,A
17.0,74,25.0,40,66,C
94.0,20,88.0,98,70,A
45.0,70,27.0,20,88,C
35.0,35,29.0,83,11,D
75.0,63,84.0,56,35,B
23.0,95,92.0,79,34,B
21.0,88,60.0,56,18,C
36.0,77,15.0,21,97,C
70.0,46,68.0,32,66,B
3.0,100,20.0,34,66,C
98.0,52,27.0,65,28,C
3.0,40,5.0,65,98,C
18.0,77,55.0,16,20,D
47.0,30,8.0,77,14,D
86.0,92,41.0,27,17,C
54.0,29,93.0,85,46,B
51.0,70,57.0,53,96,A
36.0,95,29.0,42,67,C
13.0,9,83.0,91,52,C
34.0,13,44.0,91,56,C
92.0,70,17.0,47,19,C
17.0,22,88.0,9,5,D
19.0,20,64.0,38,29,D
54.0,17,97.0,82,86,A
86.0,30,71.0,81,25,B
46.0,63,19.0,19,23,D
45.0,40,62.0,53,32,C
86.0,98,93.0,17,63,A
6.0,30,53.0,30,99,C
71.0,83,80.0,40,73,A
92.0,45,11.0,28,82,C
34.0,28,57.0,52,76,C
59.0,82,26.0,91,33,B
11.0,45,80.0,96,16,C
2.0,85,20.0,34,85,C
72.0,37,2.0,64,41,C
5.0,18,27.0,51,38,D
12.0,29,25.0,76,82,C
5.0,19,47.0,79,50,D
41.0,68,57.0,44,75,B
35.0,83,27.0,9,11,D
14.0,72,33.0,62,20,C
21.0,14,99.0,40,90,C
96.0,67,74.0,29,98,A
85.0,51,23.0,68,22,C
4.0,53,85.0,57,87,B
23.0,98,24.0,45,92,B
51.0,28,61.0,89,7,C
64.0,86,50.0,55,21,B
23.0,55,14.0,82,90,C
86.0,95,57.0,9,94,A
24.0,0,27.0,15,95,D
39.0,18,65.0,90,83,B
12.0,86,68.0,5,29,D
5.0,63,32.0,0,93,D
5.0,34,66.0,23,10,D
7.0,68,73.0,55,48,C
39.0,2,17.0,63,61,D
100.0,97,54.0,82,82,A
79.0,31,36.0,93,46,B
65.0,51,42.0,34,58,C
87.0,5,28.0,61,85,C
36.0,65,28.0,72,42,C
54.0,65,36.0,6,44,C
91.0,7,54.0,86,36,C
,66,81.0,89,35,A
,35,38.0,2,57,C
,77,53.0,76,95,A
,55,15.0,64,7,D
,27,9.0,30,99,C
,85,12.0,78,38,C
,30,52.0,20,6,C
,66,33.0,53,51,B
,19,77.0,68,93,B
,85,4.0,69,92,B
,57,54.0,77,71,B
,17,51.0,87,90,B
,25,22.0,24,74,D
,85,25.0,12,10,D
,43,35.0,15,14,D
,84,65.0,22,17,C
,21,68.0,57,63,B
89.0,13,53.0,86,44,B
82.0,46,89.0,82,90,A
22.0,82,46.0,19,99,C
12.0,44,27.0,42,99,C
86.0,1,0.0,75,21,D
12.0,16,29.0,68,49,D
48.0,72,17.0,59,98,B
66.0,89,87.0,14,97,A
46.0,15,8.0,53,78,D
41.0,79,27.0,16,4,D
100.0,82,62.0,70,72,A
44.0,98,63.0,98,28,A
14.0,54,40.0,82,91,B
56.0,35,95.0,7,52,C
28.0,40,66.0,98,39,C
0.0,65,8.0,24,13,D
0.0,73,96.0,66,64,B
16.0,50,30.0,5,27,D
1.0,87,12.0,95,47,C
31.0,76,77.0,19,64,C
92.0,34,82.0,61,65,A
23.0,29,62.0,43,45,C
51.0,44,94.0,64,85,A
8.0,24,39.0,47,91,C
45.0,11,11.0,62,23,D
19.0,52,60.0,96,35,C
20.0,56,92.0,44,82,B
2.0,88,28.0,70,94,B
62.0,91,82.0,30,33,B
67.0,5,21.0,60,67,C
93.0,27,31.0,94,49,B
100.0,42,62.0,2,45,C
37.0,4,76.0,84,53,C
86.0,43,86.0,90,93,A
53.0,65,26.0,97,100,A
67.0,38,78.0,34,74,B
40.0,56,33.0,28,1,D
29.0,1,74.0,87,90,B
75.0,8,84.0,88,54,B
57.0,88,19.0,95,39,B
35.0,29,59.0,48,87,C
26.0,33,51.0,78,27,C
30.0,66,88.0,67,4,C
84.0,66,34.0,10,60,C
71.0,46,23.0,46,5,D
86.0,52,3.0,98,87,A
11.0,3,98.0,79,75,C
38.0,41,63.0,43,48,C
18.0,13,90.0,36,39,D
94.0,48,6.0,1,64,C
28.0,9,85.0,111,90,C
16.0,53,48.0,17,26,D
94.0,93,54.0,2,30,C
63.0,81,44.0,59,2,C
87.0,25,88.0,91,97,A
61.0,76,69.0,14,50,C
47.0,3,46.0,11,52,D
51.0,56,19.0,85,58,C
80.0,26,90.0,74,43,B
13.0,54,55.0,0,47,D
16.0,17,1.0,45,4,D
26.0,99,37.0,67,94,B
79.0,65,79.0,22,72,B
43.0,20,33.0,28,52,D
35.0,56,28.0,33,39,D
24.0,9,100.0,86,60,B
23.0,73,18.0,49,24,D
25.0,32,51.0,44,22,D
82.0,15,17.0,51,75,C
10.0,26,64.0,58,35,D
64.0,71,20.0,75,76,B
88.0,64,35.0,56,80,B
12.0,0,20.0,6,58,D
80.0,0,54.0,93,26,C
37.0,22,75.0,62,87,B
30.0,16,55.0,73,24,D
89.0,55,85.0,88,3,B
85.0,88,37.0,47,6,C
53.0,77,91.0,56,51,A
49.0,69,75.0,59,49,B
28.0,11,44.0,5,58,D
29.0,3,90.0,5,66,D
98.0,7,32.0,56,59,C
62.0,55,9.0,57,94,B
86.0,100,31.0,53,15,B
48.0,11,10.0,64,29,D
89.0,87,65.0,16,35,B
17.0,30,45.0,73,86,C
67.0,17,90.0,73,37,B
93.0,17,5.0,80,79,C
29.0,81,20.0,42,67,C
70.0,6,15.0,98,14,C
48.0,96,55.0,69,100,A
7.0,99,21.0,39,5,D
17.0,24,60.0,60,96,C
94.0,83,40.0,47,21,B
70.0,55,17.0,79,0,C
60.0,12,6.0,51,26,D
90.0,71,36.0,79,89,A
22.0,95,92.0,12,20,C
31.0,56,7.0,22,83,D
40.0,75,83.0,20,90,B
37.0,30,54.0,36,5,D
73.0,74,74.0,75,98,A
9.0,65,22.0,13,45,D
27.0,37,3.0,9,69,D
40.0,22,6.0,67,58,D
34.0,59,78.0,22,86,B
98.0,1,12.0,52,93,C
28.0,1,22.0,17,83,D
62.0,11,79.0,91,26,C
98.0,11,30.0,92,10,C
11.0,97,63.0,94,82,A
13.0,68,91.0,59,89,B
62.0,73,38.0,96,0,C
29.0,99,40.0,100,14,B
82.0,28,84.0,68,75,A
44.0,53,10.0,24,5,D
83.0,19,4.0,18,32,D
49.0,37,7.0,19,25,D
54.0,50,61.0,24,70,C
66.0,100,95.0,58,99,A
14.0,88,49.0,26,3,D
3.0,82,15.0,66,70,C
91.0,66,58.0,57,39,B
78.0,24,96.0,71,36,B
29.0,84,69.0,31,3,C
2.0,76,22.0,58,89,C
67.0,87,50.0,75,16,B
73.0,79,45.0,12,14,C
19.0,60,40.0,93,26,C
9.0,26,20.0,75,2,D
45.0,36,40.0,61,64,C
65.0,17,88.0,9,97,B
79.0,56,55.0,53,68,B
2.0,53,32.0,41,45,D
76.0,6,93.0,45,92,B
84.0,96,50.0,86,90,A
54.0,56,34.0,87,30,C
56.0,61,8.0,63,83,C
63.0,94,73.0,2,67,B
19.0,7,61.0,39,51,D
63.0,86,36.0,24,11,C
42.0,44,68.0,49,81,B
84.0,47,97.0,46,76,A
31.0,7,94.0,23,91,C
100.0,86,66.0,51,63,A
83.0,39,24.0,88,82,B
32.0,22,32.0,62,18,D
77.0,74,58.0,30,5,C
98.0,44,43.0,9,78,C
58.0,56,57.0,18,47,C
89.0,88,35.0,3,98,B
71.0,31,62.0,31,45,C
20.0,39,54.0,51,56,C
39.0,58,24.0,58,41,C
10.0,57,65.0,23,3,D
12.0,59,10.0,80,5,D
54.0,59,39.0,0,45,D
40.0,37,47.0,99,68,B
87.0,70,54.0,11,3,C
49.0,83,22.0,0,40,D
65.0,89,10.0,73,14,C
56.0,85,4.0,0,27,D
31.0,3,18.0,68,62,D
44.0,28,11.0,74,82,C
53.0,79,88.0,83,9,B
18.0,38,93.0,100,41,B
28.0,14,39.0,20,64,D
72.0,88,38.0,83,58,A
54.0,74,8.0,0,66,C
83.0,66,86.0,53,6,B
60.0,22,30.0,91,6,C
12.0,87,20.0,96,41,C
37.0,62,56.0,29,1,D
19.0,66,55.0,49,83,C
56.0,47,70.0,87,73,A
98.0,43,58.0,74,68,A
63.0,45,54.0,88,70,B
20.0,72,94.0,31,9,C
4.0,30,87.0,23,98,C
71.0,2,37.0,97,74,B
31.0,70,3.0,32,50,D
72.0,6,47.0,36,90,C
64.0,7,29.0,13,81,D
70.0,95,81.0,0,51,B
11.0,61,55.0,43,76,C
84.0,18,19.0,17,55,D
54.0,52,22.0,63,96,B
35.0,84,94.0,35,59,B
97.0,91,34.0,42,27,B
34.0,35,12.0,81,51,C
44.0,73,21.0,6,11,D
18.0,63,73.0,9,96,C
63.0,14,73.0,16,92,C
83.0,20,11.0,84,3,C
39.0,26,73.0,65,35,C
70.0,21,55.0,36,75,C
25.0,70,99.0,72,53,B
57.0,54,12.0,49,61,C
88.0,94,95.0,90,66,A
55.0,30,25.0,44,7,D
75.0,3,34.0,23,3,D
41.0,56,63.0,21,0,D
39.0,8,11.0,97,67,C
31.0,29,6.0,43,49,D
67.0,7,1.0,1,25,D
2.0,22,50.0,76,89,C
85.0,84,24.0,27,60,B
45.0,89,99.0,15,35,B
26.0,45,68.0,58,9,C
43.0,66,58.0,19,19,C
0.0,68,83.0,84,37,C
74.0,9,28.0,12,97,C
83.0,57,63.0,18,21,C
9.0,70,72.0,11,62,C
47.0,29,4.0,74,10,D
11.0,72,76.0,69,15,C
72.0,46,33.0,82,28,C
45.0,21,3.0,79,73,C
67.0,55,89.0,18,35,C
77.0,25,93.0,68,72,A
5.0,43,64.0,60,14,D
88.0,47,20.0,98,64,B
3.0,27,66.0,2,71,D
19.0,60,57.0,12,48,D
35.0,81,7.0,3,60,D
94.0,10,24.0,44,43,C
58.0,4,60.0,5,35,D
5.0,41,52.0,70,18,D
14.0,51,13.0,57,97,C
61.0,100,82.0,30,77,A
43.0,87,32.0,38,100,B
40.0,34,38.0,49,38,D
80.0,89,68.0,65,76,A
64.0,15,80.0,73,22,C
6.0,87,79.0,49,65,B
45.0,84,59.0,56,53,B
99.0,66,71.0,58,84,A
2.0,65,13.0,11,65,D
91.0,52,61.0,98,8,B
29.0,84,82.0,60,21,B
77.0,15,84.0,66,12,C
43.0,97,38.0,27,36,C
45.0,21,96.0,60,89,B
22.0,65,65.0,94,90,A
8.0,15,7.0,81,26,D
29.0,72,24.0,34,5,D
25.0,-60,77.0,36,66,C
100.0,3,98.0,69,52,B
82.0,21,52.0,3,67,C
0.0,25,53.0,13,64,D
55.0,95,71.0,86,81,A
7.0,93,18.0,4,38,D
73.0,61,14.0,7,0,D
36.0,91,93.0,25,65,B
18.0,0,93.0,78,3,D
19.0,28,0.0,8,26,D
48.0,15,75.0,90,90,B
65.0,76,30.0,99,17,B
82.0,27,71.0,9,17,C
3.0,10,99.0,56,39,C
89.0,25,46.0,19,45,C
7.0,69,26.0,72,40,C
43.0,20,51.0,7,40,D
4.0,82,42.0,74,61,C
51.0,82,62.0,9,15,C
86.0,84,24.0,84,47,B
88.0,23,66.0,23,24,C
21.0,28,100.0,51,48,C
22.0,10,40.0,85,79,C
3.0,77,100.0,5,11,D
41.0,10,29.0,60,68,C
84.0,90,13.0,83,0,C
33.0,83,94.0,33,12,C
41.0,91,5.0,51,64,C
88.0,61,15.0,43,1,C
21.0,36,48.0,72,47,C
97.0,70,5.0,85,7,C
48.0,50,21.0,55,51,C
26.0,77,92.0,52,37,B
64.0,36,40.0,66,48,C
23.0,39,34.0,97,57,C
88.0,30,47.0,58,10,C
59.0,17,95.0,0,5,D
75.0,77,84.0,20,39,B
61.0,89,79.0,67,68,A
29.0,65,86.0,74,15,C
83.0,79,90.0,84,46,A
94.0,42,59.0,43,71,B
15.0,21,17.0,23,68,D
96.0,26,11.0,93,79,B
67.0,69,30.0,29,0,D
24.0,13,59.0,83,4,D
9.0,2,20.0,98,63,D
56.0,6,36.0,96,26,C
80.0,34,52.0,61,39,C
33.0,44,75.0,64,66,B
62.0,32,41.0,11,32,D
29.0,100,14.0,38,58,C
48.0,19,97.0,63,79,B
5.0,16,95.0,68,76,C
24.0,36,14.0,17,53,D
50.0,93,96.0,76,32,A
95.0,34,73.0,26,1,C
45.0,29,68.0,16,79,C
2.0,65,37.0,72,74,C
98.0,94,26.0,23,84,B
91.0,11,40.0,11,60,C
63.0,67,49.0,95,51,B
80.0,91,63.0,20,81,A
36.0,95,47.0,43,76,B
87.0,12,62.0,3,2,D
39.0,95,17.0,38,44,C
21.0,38,2.0,97,26,D
27.0,89,35.0,16,36,C
81.0,23,39.0,47,14,C
46.0,80,75.0,74,82,A
57.0,65,38.0,34,47,C
71.0,49,6.0,64,44,C
85.0,84,6.0,77,57,B
30.0,54,77.0,4,37,C
76.0,15,39.0,88,99,B
31.0,16,2.0,81,30,D
62.0,27,15.0,62,99,C
60.0,13,54.0,83,18,C
79.0,6,26.0,80,28,C
71.0,79,63.0,92,17,B
70.0,68,97.0,100,99,A
26.0,73,85.0,85,97,A
53.0,50,51.0,100,75,A
47.0,56,58.0,45,54,C
74.0,13,39.0,14,1,D
53.0,45,64.0,89,3,C
52.0,71,13.0,57,90,B
17.0,55,49.0,69,29,C
29.0,47,100.0,42,71,B
56.0,49,60.0,33,14,C
8.0,30,55.0,99,41,C
73.0,29,38.0,46,95,B
56.0,41,55.0,78,74,B
21.0,16,41.0,17,69,D
73.0,68,71.0,95,84,A
13.0,48,40.0,27,98,C
2.0,58,61.0,53,41,C
13.0,98,100.0,40,51,B
99.0,6,28.0,28,72,C
93.0,37,86.0,32,45,B
89.0,10,22.0,0,97,C
21.0,16,38.0,96,24,D
15.0,72,69.0,33,74,C
48.0,65,91.0,61,23,B
90.0,89,3.0,67,0,C
35.0,72,18.0,23,49,D
52.0,17,100.0,63,88,B
25.0,26,36.0,43,93,C
83.0,50,30.0,5,68,C
77.0,28,36.0,73,22,C
11.0,28,66.0,69,17,D
17.0,11,88.0,93,76,B
81.0,83,78.0,73,45,A
13.0,67,86.0,28,44,C
85.0,74,92.0,33,84,A
9.0,3,56.0,53,92,C
70.0,3,31.0,7,60,D
46.0,68,52.0,77,4,C
0.0,51,99.0,61,72,B
18.0,46,69.0,89,25,C
86.0,1,91.0,62,51,B
72.0,93,21.0,21,81,B
93.0,47,82.0,76,6,B
17.0,52,56.0,74,49,C
28.0,34,7.0,60,45,D
32.0,19,85.0,34,3,D
8.0,3,63.0,30,58,D
84.0,19,73.0,31,20,C
59.0,48,75.0,64,78,B
66.0,22,50.0,50,98,B
5.0,2,72.0,96,87,C
27.0,83,94.0,26,56,B
31.0,27,70.0,33,42,C
80.0,90,63.0,81,39,A
77.0,22,24.0,65,1,D
30.0,78,41.0,32,55,C
59.0,39,86.0,17,4,C
93.0,71,9.0,19,64,C
59.0,28,1.0,32,91,C
85.0,84,13.0,36,94,B
91.0,76,55.0,7,39,C
56.0,46,6.0,76,2,D
45.0,17,68.0,43,62,C
18.0,23,72.0,44,97,C
46.0,98,27.0,5,86,C
35.0,2,68.0,19,38,D
25.0,11,73.0,59,51,C
93.0,29,14.0,22,20,D
10.0,26,7.0,18,99,D
83.0,32,66.0,52,46,B
83.0,68,90.0,61,58,A
77.0,24,1.0,40,36,D
48.0,33,36.0,83,49,C
1.0,51,62.0,79,96,B
47.0,36,94.0,17,96,B
35.0,81,16.0,59,70,C
74.0,42,47.0,49,28,C
20.0,40,71.0,1,90,C
71.0,27,95.0,79,93,A
79.0,76,89.0,99,78,A
65.0,62,84.0,64,68,A
3.0,13,65.0,64,76,C
3.0,25,72.0,31,51,D
10.0,47,27.0,49,7,D
29.0,89,96.0,63,10,B
75.0,8,78.0,58,77,B
43.0,83,74.0,74,45,B
81.0,100,85.0,85,29,A
6.0,73,92.0,19,46,C
94.0,72,94.0,50,66,A
35.0,48,8.0,50,69,C
31.0,31,5.0,45,74,D
16.0,0,88.0,12,3,D
45.0,70,8.0,79,45,C
56.0,97,76.0,88,71,A
73.0,62,50.0,24,65,C
76.0,65,94.0,95,98,A
32.0,9,47.0,74,78,C
42.0,1,53.0,22,86,C
52.0,94,19.0,27,14,C
63.0,74,5.0,8,22,D
7.0,66,47.0,32,14,D
88.0,31,62.0,10,45,C
60.0,92,100.0,91,66,A
49.0,80,75.0,99,91,A
73.0,24,4.0,18,92,C
10.0,87,71.0,42,20,C
83.0,32,0.0,67,28,C
91.0,92,48.0,33,14,B
49.0,8,8.0,44,51,D
2.0,21,33.0,100,32,D
9.0,10,62.0,58,30,D
72.0,26,84.0,22,73,B
25.0,60,42.0,32,12,D
50.0,28,31.0,78,44,C
32.0,18,37.0,1,5,D
78.0,17,65.0,90,100,A
20.0,85,30.0,82,58,C
46.0,22,90.0,25,42,C
86.0,39,37.0,59,70,B
69.0,79,97.0,8,49,B
65.0,49,82.0,70,15,B
94.0,65,100.0,70,91,A
32.0,69,50.0,51,36,C
72.0,5,13.0,77,43,C
55.0,95,39.0,55,79,B
26.0,3,81.0,22,31,D
12.0,36,57.0,41,18,D
81.0,3,65.0,34,60,C
79.0,32,68.0,38,72,B
62.0,4,66.0,46,56,C
94.0,71,17.0,74,72,A
40.0,34,87.0,23,89,C
34.0,34,86.0,80,74,B
34.0,90,86.0,35,24,C
100.0,94,4.0,3,43,C
81.0,52,0.0,93,98,B
69.0,15,23.0,36,50,D
41.0,7,69.0,10,8,D
26.0,93,44.0,24,1,D
20.0,39,86.0,29,93,C
25.0,21,84.0,49,57,C
80.0,7,84.0,74,96,A
85.0,61,35.0,23,47,C
3.0,34,11.0,37,98,D
25.0,100,78.0,1,57,C
43.0,30,18.0,98,41,C
86.0,24,78.0,29,57,C
32.0,35,71.0,18,75,C
51.0,19,55.0,26,66,C
12.0,3,54.0,78,4,D
62.0,66,68.0,62,58,B
24.0,34,10.0,51,18,D
92.0,23,6.0,100,39,C
72.0,75,91.0,55,49,A
13.0,65,47.0,52,30,C
3.0,1,4.0,58,90,D
56.0,40,99.0,26,18,C
56.0,81,22.0,39,8,C
45.0,18,36.0,100,65,C
86.0,85,61.0,8,77,B
59.0,65,42.0,54,54,C
4.0,0,8.0,26,81,D
84.0,96,76.0,49,32,A
67.0,96,61.0,54,93,A
52.0,79,90.0,34,29,B
90.0,46,92.0,34,13,C
93.0,39,64.0,57,63,B
16.0,64,82.0,93,69,B
35.0,19,0.0,16,82,D
51.0,57,62.0,39,88,B
94.0,62,74.0,87,26,A
40.0,42,58.0,20,99,C
16.0,92,30.0,0,16,D
26.0,11,73.0,65,24,D
91.0,28,9.0,32,68,C
22.0,94,41.0,70,7,C
77.0,96,23.0,60,75,A
68.0,60,48.0,60,9,C
32.0,82,70.0,34,92,B
3.0,85,73.0,99,89,A
49.0,53,18.0,56,56,C
53.0,79,100.0,53,43,A
21.0,34,48.0,5,94,C
19.0,68,32.0,85,73,B
23.0,74,5.0,2,65,D
90.0,1,15.0,80,84,C
19.0,99,96.0,49,3,C
56.0,41,75.0,75,33,B
6.0,43,21.0,62,74,C
40.0,36,64.0,62,4,C
28.0,64,25.0,84,54,C
23.0,46,100.0,83,39,B
41.0,9,24.0,96,53,C
79.0,56,47.0,52,26,C
77.0,95,5.0,56,16,C
34.0,28,70.0,22,13,D
81.0,65,96.0,12,12,C
99.0,44,83.0,82,67,A
48.0,68,85.0,36,35,C
9.0,51,32.0,32,25,D
45.0,36,36.0,34,47,D
73.0,84,29.0,73,14,C
35.0,23,15.0,9,76,D
51.0,21,33.0,17,64,D
94.0,10,74.0,87,91,A
16.0,50,81.0,30,97,C
67.0,93,97.0,79,84,A
43.0,39,94.0,76,64,B
26.0,17,50.0,95,82,C
61.0,59,73.0,91,39,B
61.0,97,52.0,47,53,B
37.0,17,61.0,70,87,C
54.0,74,48.0,31,20,C
83.0,91,86.0,52,69,A
16.0,46,68.0,56,69,C
55.0,97,27.0,81,23,B
76.0,25,69.0,54,91,B
90.0,99,79.0,29,78,A
22.0,71,16.0,7,49,D
47.0,90,0.0,69,94,B
83.0,9,13.0,2,69,D
32.0,16,91.0,4,9,D
62.0,78,67.0,17,11,C
59.0,95,56.0,70,61,A
32.0,14,65.0,18,13,D
72.0,85,93.0,34,44,A
60.0,63,99.0,96,35,A
47.0,78,3.0,43,39,C
51.0,7,40.0,64,45,C
41.0,77,92.0,60,33,B
17.0,34,41.0,63,90,C
41.0,73,97.0,38,72,B
35.0,41,21.0,87,10,D
68.0,70,16.0,99,47,B
15.0,74,25.0,66,44,C
67.0,81,65.0,1,98,B
68.0,69,24.0,87,2,C
52.0,34,60.0,50,51,C
95.0,50,41.0,21,100,B
2.0,58,42.0,57,75,C
59.0,45,36.0,70,57,C
28.0,92,37.0,57,80,B
14.0,22,69.0,3,47,D
21.0,59,40.0,1,27,D
65.0,60,90.0,43,32,B
79.0,73,69.0,99,27,A
5.0,72,43.0,12,70,C
44.0,26,61.0,55,22,C
27.0,67,14.0,86,77,C
20.0,28,49.0,99,68,C
83.0,77,17.0,7,52,C
10.0,83,44.0,96,38,C
48.0,53,56.0,72,0,C
37.0,48,66.0,21,70,C
82.0,13,90.0,38,52,C
71.0,99,99.0,8,49,A
54.0,36,5.0,98,98,B
16.0,90,43.0,7,39,D
72.0,28,51.0,31,36,C
92.0,54,44.0,45,96,A
46.0,3,9.0,21,81,D
80.0,91,91.0,91,19,A
90.0,85,73.0,39,58,A
98.0,46,32.0,89,26,B
63.0,3,73.0,94,21,C
89.0,84,99.0,54,82,A
20.0,61,96.0,16,84,B
86.0,63,72.0,46,8,C
84.0,60,30.0,84,41,B
59.0,88,61.0,9,33,C
96.0,55,64.0,24,54,B
32.0,60,54.0,53,13,C
81.0,65,66.0,6,60,B
5.0,94,84.0,66,21,C
28.0,90,93.0,23,78,B
31.0,20,70.0,59,74,C
32.0,33,5.0,53,76,D
65.0,53,91.0,84,54,A
66.0,89,17.0,98,74,A
50.0,64,41.0,60,91,B
16.0,14,86.0,74,28,C
31.0,94,5.0,90,39,C
43.0,9,18.0,60,14,D
95.0,36,18.0,57,66,C
13.0,16,85.0,44,79,C
55.0,50,98.0,51,73,A
59.0,70,77.0,68,9,B
1.0,23,82.0,70,95,C
32.0,89,11.0,16,84,C
33.0,62,53.0,93,55,B
30.0,72,13.0,15,82,C
92.0,13,84.0,65,24,B
49.0,10,55.0,1,7,D
85.0,67,38.0,53,40,B
67.0,63,95.0,38,38,B
67.0,78,66.0,37,13,C
92.0,99,34.0,74,91,A
50.0,89,16.0,0,8,D
91.0,81,64.0,61,75,A
31.0,68,43.0,71,61,C
24.0,86,57.0,65,21,C
82.0,72,78.0,56,81,A
51.0,92,18.0,23,76,C
35.0,61,37.0,37,71,C
1.0,49,59.0,3,58,D
40.0,53,95.0,9,61,C
76.0,28,72.0,81,14,C
91.0,48,77.0,60,93,A
69.0,88,39.0,44,94,A
88.0,57,52.0,10,26,C
100.0,37,84.0,11,50,B
56.0,63,95.0,22,89,B
49.0,20,92.0,25,33,C
18.0,73,58.0,98,8,C
12.0,56,17.0,57,51,D
61.0,0,100.0,34,24,C
67.0,90,55.0,51,70,A
4.0,62,86.0,89,10,C
8.0,58,97.0,99,51,B
76.0,39,52.0,68,53,B
41.0,18,61.0,60,81,C
51.0,31,56.0,95,43,B
69.0,79,20.0,81,63,B
67.0,8,1.0,22,80,D
79.0,64,90.0,87,37,A
92.0,52,42.0,41,91,B
55.0,87,70.0,68,53,A
58.0,55,15.0,54,49,C
30.0,1,66.0,22,2,D
99.0,45,77.0,26,34,B
42.0,59,50.0,88,32,C
22.0,60,65.0,71,68,B
12.0,91,90.0,87,14,B
64.0,51,95.0,70,68,A
71.0,40,100.0,6,25,C
60.0,29,44.0,72,5,C
45.0,28,33.0,17,44,D
24.0,0,51.0,92,28,D
86.0,94,100.0,90,38,A
73.0,12,60.0,22,73,C
26.0,4,60.0,70,39,D
93.0,5,30.0,4,23,D
100.0,94,68.0,58,66,A
29.0,75,49.0,79,11,C
21.0,34,100.0,4,36,D
51.0,39,13.0,74,27,C
40.0,7,3.0,72,14,D
58.0,9,61.0,38,52,C
27.0,27,43.0,54,25,D
30.0,64,21.0,100,60,C
46.0,6,63.0,99,17,C
10.0,50,51.0,14,91,C
11.0,9,11.0,85,35,D
14.0,46,36.0,31,69,D
77.0,8,33.0,52,9,D
75.0,62,9.0,57,91,B
93.0,81,13.0,35,40,C
61.0,57,42.0,73,50,B
91.0,57,18.0,68,30,C
66.0,73,84.0,80,56,A
19.0,24,55.0,3,95,D
50.0,42,45.0,74,35,C
82.0,35,39.0,2,42,D
19.0,40,64.0,52,31,C
90.0,36,2.0,33,19,D
10.0,25,63.0,2,85,D
2.0,89,5.0,89,80,C
55.0,25,100.0,93,19,B
47.0,63,3.0,89,83,B
9.0,96,24.0,69,55,C
35.0,9,94.0,90,31,C
60.0,44,50.0,1,35,D
53.0,32,55.0,95,52,B
78.0,78,30.0,90,45,B
9.0,33,60.0,73,24,D
16.0,10,92.0,66,19,C
4.0,30,3.0,60,35,D
65.0,94,99.0,64,58,A
88.0,99,63.0,52,42,A
99.0,46,71.0,5,12,C
8.0,83,49.0,3,77,C
68.0,24,84.0,75,55,B
49.0,11,82.0,76,6,C
31.0,89,30.0,74,5,C
2.0,87,70.0,52,22,C
68.0,48,7.0,0,56,D
48.0,32,5.0,25,99,C
57.0,43,93.0,27,26,C
92.0,9,66.0,19,32,C
54.0,17,15.0,77,73,C
54.0,43,80.0,73,15,C
23.0,1,61.0,96,71,C
29.0,7,32.0,45,36,D
54.0,21,79.0,5,59,C
63.0,43,11.0,49,47,C
4.0,51,1.0,49,52,D
89.0,54,53.0,96,66,A
38.0,38,18.0,57,97,C
12.0,26,27.0,81,17,D
73.0,76,6.0,9,25,D
72.0,80,21.0,70,65,B
61.0,18,4.0,71,73,C
58.0,31,47.0,16,19,D
83.0,74,50.0,7,62,B
37.0,91,2.0,38,93,C
23.0,59,34.0,80,100,B
73.0,92,65.0,46,79,A
10.0,72,89.0,7,57,C
45.0,39,22.0,90,68,C
64.0,92,32.0,75,24,B
36.0,86,59.0,40,52,C
3.0,83,81.0,76,98,A
32.0,7,12.0,3,38,D
73.0,67,18.0,15,97,C
31.0,65,9.0,11,66,D
18.0,24,38.0,64,72,C
96.0,59,5.0,13,70,C
44.0,99,53.0,65,23,B
50.0,94,74.0,61,3,B
78.0,68,79.0,22,76,B
53.0,15,35.0,5,55,D
89.0,63,14.0,13,29,C
62.0,50,89.0,42,90,A
12.0,0,80.0,9,38,D
20.0,84,32.0,66,13,C
28.0,26,11.0,45,97,C
11.0,16,69.0,37,56,D
13.0,45,4.0,21,3,D
92.0,78,44.0,69,31,B
44.0,81,31.0,45,64,C
10.0,4,25.0,25,16,D
34.0,14,29.0,36,79,D
39.0,39,58.0,83,4,C
86.0,33,27.0,55,2,C
63.0,51,16.0,87,65,B
13.0,14,47.0,78,71,C
83.0,56,32.0,10,25,C
49.0,82,40.0,37,24,C
91.0,75,56.0,9,79,B
49.0,74,77.0,96,10,B
55.0,51,21.0,9,24,D
92.0,87,88.0,67,31,A
2.0,11,77.0,0,59,D
78.0,92,1.0,47,58,B
57.0,57,57.0,47,41,C
13.0,32,82.0,84,86,B
87.0,19,33.0,95,91,B
52.0,29,58.0,57,79,C
54.0,86,33.0,78,32,B
32.0,78,92.0,94,94,A
81.0,89,20.0,65,81,A
32.0,23,50.0,70,77,C
60.0,95,25.0,73,23,B
48.0,42,33.0,79,14,C
31.0,63,82.0,35,68,B
70.0,15,60.0,65,49,C
13.0,98,3.0,29,25,D
45.0,74,63.0,9,20,C
74.0,77,24.0,0,96,C
29.0,47,53.0,92,91,B
12.0,51,66.0,58,60,C
12.0,10,47.0,15,50,D
51.0,29,33.0,73,46,C
38.0,58,50.0,23,76,C
26.0,87,20.0,33,82,C
84.0,54,52.0,21,28,C
70.0,61,53.0,85,36,B
87.0,59,20.0,92,5,C
29.0,89,9.0,10,21,D
47.0,65,72.0,73,20,B
24.0,88,96.0,26,87,B
54.0,10,37.0,85,18,C
67.0,7,99.0,78,99,A
86.0,62,22.0,14,34,C
44.0,35,7.0,22,34,D
99.0,82,67.0,57,48,A
75.0,81,43.0,9,99,B
53.0,43,59.0,62,64,B
52.0,58,19.0,100,98,A
33.0,92,86.0,4,42,C
83.0,93,71.0,46,55,A
46.0,18,86.0,49,78,B
20.0,80,46.0,22,99,C
36.0,22,53.0,58,79,C
20.0,47,69.0,16,14,D
85.0,3,42.0,69,35,C
60.0,40,8.0,40,48,D
75.0,62,26.0,2,57,C
82.0,2,70.0,66,55,C
25.0,7,30.0,61,82,C
77.0,13,36.0,88,8,C
21.0,48,16.0,65,20,D
55.0,52,2.0,87,75,C
65.0,81,14.0,16,11,D
10.0,84,68.0,97,22,B
27.0,38,52.0,93,75,B
71.0,65,83.0,39,40,B
13.0,66,64.0,76,79,B
7.0,59,2.0,34,33,D
34.0,14,89.0,57,27,C
73.0,25,24.0,49,81,C
99.0,44,63.0,13,8,C
0.0,57,82.0,28,83,C
37.0,70,13.0,56,17,D
83.0,71,92.0,3,48,B
88.0,62,84.0,53,84,A
35.0,48,83.0,54,11,C
22.0,29,34.0,16,35,D
35.0,87,1.0,18,70,C
60.0,95,26.0,99,71,A
96.0,54,61.0,87,52,A
61.0,59,25.0,8,60,C
76.0,62,1.0,89,83,B
95.0,27,64.0,100,56,A
33.0,24,53.0,71,43,C
22.0,100,55.0,15,14,C
5.0,94,84.0,67,80,A
94.0,90,94.0,44,57,A
25.0,69,70.0,13,64,C
77.0,3,10.0,87,94,C
90.0,72,4.0,99,95,A
68.0,14,72.0,3,84,C
92.0,44,42.0,1,97,B
20.0,74,58.0,68,55,C
11.0,25,55.0,63,14,D
66.0,17,47.0,60,35,C
71.0,1,17.0,61,56,C
90.0,37,63.0,22,76,B
63.0,11,80.0,77,91,B
42.0,86,18.0,9,30,D
65.0,66,28.0,36,31,C
94.0,48,46.0,89,18,B
27.0,12,12.0,3,0,D
86.0,91,61.0,58,99,A
4.0,51,65.0,22,13,D
88.0,53,48.0,55,66,B
17.0,71,83.0,47,35,C
71.0,69,92.0,29,19,B
6.0,76,72.0,31,67,C
91.0,96,17.0,49,33,B
1.0,44,70.0,15,37,D
70.0,15,90.0,26,14,C
98.0,26,35.0,88,63,B
83.0,92,1.0,42,91,B
82.0,73,94.0,89,13,A
38.0,41,83.0,19,52,C
61.0,71,82.0,86,83,A
97.0,97,76.0,85,40,A
81.0,64,83.0,10,34,C
88.0,13,54.0,54,63,C
85.0,21,97.0,26,44,C
40.0,43,68.0,44,37,C
68.0,13,55.0,63,89,B
89.0,35,6.0,70,78,B
26.0,76,13.0,1,15,D
46.0,27,47.0,93,56,C
93.0,39,45.0,9,98,B
55.0,33,89.0,33,97,B
7.0,16,58.0,53,64,D
72.0,51,74.0,44,85,A
99.0,90,24.0,85,37,A
28.0,21,35.0,54,14,D
94.0,63,95.0,41,92,A
76.0,50,1.0,27,83,C
23.0,40,83.0,58,9,C
35.0,57,10.0,78,48,C
51.0,91,22.0,71,64,B
11.0,9,71.0,36,12,D
39.0,68,22.0,93,15,C
56.0,66,29.0,63,10,C
35.0,47,69.0,85,14,C
59.0,68,19.0,49,88,B
12.0,7,18.0,16,69,D
14.0,98,64.0,44,68,B
52.0,30,93.0,81,66,B
66.0,48,62.0,67,27,C
50.0,25,74.0,100,44,B
95.0,90,59.0,18,69,A
37.0,40,94.0,58,12,C
13.0,81,76.0,75,74,B
75.0,80,27.0,86,32,B
81.0,69,67.0,89,73,A
59.0,87,67.0,47,86,A
53.0,76,68.0,5,98,B
44.0,28,77.0,96,29,C
73.0,77,84.0,17,5,C
6.0,48,18.0,83,54,C
88.0,5,85.0,49,83,B
21.0,79,61.0,84,18,C
4.0,85,74.0,62,22,C
43.0,10,98.0,74,60,B
18.0,2,36.0,34,76,D
18.0,31,35.0,90,63,C
75.0,94,11.0,84,42,B
56.0,71,74.0,69,52,B
51.0,62,21.0,55,43,C
25.0,78,14.0,25,86,C
20.0,41,7.0,24,67,D
98.0,24,81.0,93,54,A
12.0,38,95.0,64,49,C
32.0,40,0.0,77,57,C
53.0,31,63.0,69,36,C
43.0,21,41.0,9,44,D
40.0,75,7.0,87,48,C
60.0,99,73.0,79,39,A
27.0,39,2.0,70,46,D
91.0,36,73.0,11,20,C
37.0,29,70.0,89,75,B
30.0,43,10.0,1,0,D
11.0,68,24.0,48,10,D
64.0,46,73.0,54,17,C
98.0,94,34.0,42,18,B
32.0,52,76.0,29,100,B
20.0,74,37.0,29,10,D
17.0,13,6.0,98,30,D
44.0,8,21.0,45,61,D
89.0,48,34.0,42,73,B
27.0,11,53.0,73,11,D
37.0,97,34.0,73,8,C
17.0,80,35.0,14,70,C
56.0,43,47.0,78,30,C
34.0,8,91.0,94,60,B
36.0,24,18.0,61,65,C
29.0,52,79.0,76,35,C
21.0,55,38.0,66,41,C
63.0,73,29.0,24,27,C
61.0,98,10.0,73,93,A
83.0,94,76.0,1,69,B
19.0,18,18.0,89,69,C
28.0,28,31.0,5,50,D
32.0,15,49.0,70,5,D
91.0,31,9.0,60,63,C
71.0,80,91.0,96,13,A
99.0,43,5.0,26,43,C
54.0,29,11.0,36,82,C
67.0,81,36.0,99,45,A
39.0,58,58.0,66,87,B
25.0,19,0.0,16,81,D
16.0,77,46.0,59,39,C
39.0,9,86.0,20,29,D
53.0,6,76.0,57,50,C
4.0,91,58.0,61,83,B
73.0,84,58.0,87,99,A
57.0,9,62.0,13,36,D
62.0,18,45.0,14,41,D
2.0,90,95.0,38,74,B
89.0,72,75.0,29,98,A
46.0,97,94.0,56,51,A
77.0,73,38.0,61,71,B
78.0,27,65.0,88,50,B
83.0,57,21.0,22,42,C
70.0,96,72.0,12,79,A
31.0,29,44.0,30,34,D
84.0,89,0.0,20,45,C
39.0,69,44.0,35,16,C
73.0,90,51.0,25,96,A
56.0,95,79.0,49,90,A
8.0,77,47.0,8,1,D
76.0,24,26.0,55,41,C
67.0,69,13.0,84,20,C
99.0,81,6.0,63,5,C
55.0,39,20.0,28,98,C
14.0,53,71.0,12,76,C
83.0,61,54.0,17,29,C
90.0,56,9.0,97,32,B
6.0,47,4.0,28,23,D
45.0,23,23.0,38,96,C
38.0,29,80.0,6,46,D
93.0,67,35.0,96,1,B
50.0,34,60.0,96,42,B
54.0,95,64.0,48,13,C
81.0,55,32.0,7,75,C
1.0,43,63.0,51,18,D
55.0,55,31.0,51,87,B
79.0,39,36.0,40,34,C
57.0,7,94.0,21,82,C
50.0,32,42.0,6,25,D
4.0,4,15.0,31,5,D
46.0,32,18.0,94,86,B
69.0,64,45.0,70,38,B
30.0,25,55.0,1,28,D
10.0,35,77.0,21,15,D
9.0,45,69.0,0,57,D
63.0,33,91.0,53,81,B
76.0,36,26.0,46,53,C
36.0,70,67.0,82,68,B
16.0,43,69.0,10,61,D
63.0,30,59.0,4,34,D
65.0,85,83.0,43,41,B
83.0,32,90.0,45,4,C
37.0,49,27.0,70,30,C
26.0,45,26.0,48,74,C
2.0,0,87.0,52,78,C
39.0,40,37.0,19,31,D
6.0,44,89.0,47,76,C
6.0,66,84.0,2,27,D
63.0,67,5.0,81,77,B
73.0,82,61.0,2,3,C
85.0,72,15.0,38,17,C
80.0,16,52.0,12,78,C
66.0,33,4.0,62,15,D
53.0,81,43.0,18,47,C
73.0,44,89.0,35,79,B
77.0,2,44.0,58,74,C
47.0,33,5.0,39,11,D
36.0,75,49.0,99,11,C
38.0,49,94.0,9,83,C
13.0,53,35.0,49,100,C
30.0,6,23.0,92,5,D
17.0,59,20.0,47,40,D
15.0,6,62.0,15,22,D
92.0,47,99.0,26,94,A
61.0,97,78.0,2,75,B
78.0,15,32.0,60,35,C
93.0,18,51.0,93,48,B
19.0,94,94.0,31,24,C
12.0,53,26.0,55,94,C
92.0,89,79.0,96,59,A
65.0,94,99.0,46,99,A
42.0,14,27.0,37,5,D
9.0,61,19.0,44,86,C
55.0,64,9.0,23,41,D
64.0,28,80.0,88,3,C
14.0,21,44.0,27,20,D
26.0,68,72.0,84,72,B
34.0,97,19.0,17,41,C
80.0,51,20.0,83,36,C
50.0,41,84.0,17,75,C
13.0,6,43.0,0,45,D
58.0,11,50.0,77,74,C
84.0,50,13.0,28,36,C
98.0,1,63.0,59,32,C
97.0,78,95.0,71,85,A
75.0,80,68.0,70,18,B
17.0,87,71.0,12,56,C
5.0,21,69.0,91,70,C
83.0,34,57.0,91,85,A
98.0,9,47.0,88,81,B
83.0,0,89.0,18,90,B
98.0,16,30.0,87,88,B
57.0,31,9.0,23,21,D
95.0,5,1.0,67,10,D
88.0,83,90.0,11,50,B
35.0,78,16.0,18,60,C
99.0,25,92.0,73,29,B
98.0,21,90.0,53,46,B
75.0,82,87.0,36,91,A
6.0,83,10.0,3,92,D
93.0,87,66.0,69,80,A
41.0,97,45.0,98,30,B
18.0,13,56.0,83,12,D
6.0,23,78.0,5,54,D
52.0,80,48.0,9,64,C
62.0,31,4.0,84,11,D
74.0,30,1.0,83,88,B
67.0,34,69.0,18,96,B
19.0,16,65.0,24,38,D
0.0,16,46.0,47,21,D
58.0,92,95.0,86,9,A
18.0,61,57.0,8,98,C
17.0,18,98.0,34,96,C
52.0,4,74.0,94,1,C
5.0,70,18.0,69,16,D
6.0,99,36.0,52,73,C
32.0,96,99.0,8,41,B
18.0,2,91.0,50,81,C
10.0,59,56.0,95,90,B
20.0,66,8.0,73,6,D
40.0,71,31.0,16,4,D
27.0,37,20.0,34,84,C
13.0,34,8.0,78,40,D
27.0,60,43.0,31,31,D
64.0,18,96.0,70,40,B
67.0,62,40.0,8,39,C
19.0,30,89.0,29,24,D
43.0,99,51.0,1,27,C
58.0,15,9.0,57,27,D
85.0,56,87.0,18,72,B
56.0,26,99.0,22,61,C
34.0,43,40.0,29,55,C
74.0,18,75.0,89,8,C
65.0,51,94.0,11,94,B
22.0,59,98.0,10,21,C
69.0,42,99.0,96,76,A
15.0,25,42.0,91,9,D
4.0,46,86.0,94,85,B
98.0,66,6.0,2,33,C
55.0,79,50.0,21,95,B
2.0,22,42.0,54,83,C
7.0,47,8.0,56,65,D
90.0,72,82.0,64,59,A
87.0,73,97.0,34,35,A
62.0,73,18.0,84,99,A
35.0,95,68.0,18,28,C
95.0,70,50.0,4,79,B
83.0,1,50.0,2,34,D
80.0,40,30.0,47,22,C
36.0,43,60.0,98,29,C
0.0,20,23.0,2,78,D
0.0,16,82.0,57,37,D
97.0,37,73.0,36,4,C
23.0,49,49.0,60,83,C
74.0,26,12.0,80,49,C
33.0,77,15.0,39,94,C
43.0,73,38.0,17,38,C
30.0,4,29.0,55,96,C
39.0,99,96.0,48,21,B
38.0,0,44.0,97,38,C
100.0,24,82.0,50,83,A
5.0,75,22.0,100,33,C
25.0,67,95.0,35,0,C
29.0,19,17.0,52,63,D
66.0,97,80.0,5,97,A
73.0,55,29.0,12,82,C
25.0,37,0.0,50,44,D
71.0,79,15.0,22,78,C
54.0,62,70.0,7,79,C
93.0,0,37.0,55,32,C
43.0,2,61.0,51,11,D
46.0,68,47.0,83,55,B
56.0,10,77.0,60,69,C
41.0,17,100.0,38,93,B
24.0,27,66.0,38,29,D
74.0,44,84.0,85,27,B
3.0,0,86.0,80,9,D
52.0,73,51.0,33,69,B
7.0,62,98.0,29,45,C
22.0,27,47.0,3,4,D
0.0,32,58.0,97,29,C
80.0,91,43.0,26,86,A
76.0,95,53.0,13,4,C
21.0,21,99.0,63,75,B
44.0,16,15.0,59,32,D
12.0,48,47.0,79,62,C
17.0,28,37.0,94,4,D
92.0,39,5.0,58,4,D
37.0,39,30.0,44,41,D
20.0,35,74.0,98,32,C
10.0,53,97.0,86,86,A
6.0,42,50.0,55,94,C
90.0,76,66.0,24,90,A
1.0,3,57.0,30,46,D
63.0,43,53.0,33,1,D
44.0,67,97.0,60,54,B
21.0,24,86.0,87,31,C
3.0,47,12.0,4,93,D
27.0,46,36.0,16,38,D
17.0,69,36.0,33,90,C
73.0,91,14.0,7,33,C
36.0,50,19.0,49,77,C
62.0,31,69.0,6,18,D
46.0,46,65.0,44,65,C
81.0,62,44.0,25,14,C
25.0,68,16.0,79,89,B
94.0,82,6.0,55,91,A
25.0,39,3.0,28,85,D
8.0,69,24.0,31,53,D
0.0,6,19.0,23,40,D
78.0,91,80.0,48,89,A
16.0,86,17.0,10,70,D
61.0,21,0.0,51,99,C
48.0,26,23.0,66,5,D
59.0,85,51.0,99,36,A
79.0,53,63.0,76,19,B
9.0,96,87.0,85,15,B
74.0,41,28.0,82,38,C
76.0,32,8.0,53,83,C
1.0,14,65.0,58,93,C
27.0,79,95.0,48,67,B
69.0,20,7.0,88,30,C
23.0,33,72.0,59,37,C
48.0,58,100.0,77,65,A
55.0,76,76.0,43,25,C
52.0,70,66.0,4,44,C
16.0,2,63.0,19,7,D
17.0,55,71.0,90,56,B
16.0,84,41.0,47,100,B
76.0,59,23.0,7,75,C
64.0,42,40.0,96,18,C
46.0,27,55.0,25,64,C
89.0,98,87.0,46,74,A
34.0,42,39.0,74,89,B
88.0,64,95.0,68,47,A
29.0,0,68.0,33,9,D
88.0,3,34.0,63,96,B
50.0,50,23.0,32,41,D
26.0,100,48.0,27,23,C
11.0,82,94.0,67,26,B
23.0,28,86.0,19,57,C
91.0,18,6.0,24,26,D
68.0,38,78.0,96,67,A
52.0,31,25.0,5,67,D
57.0,24,31.0,37,27,D
90.0,41,73.0,60,3,C
2.0,57,34.0,70,17,D
86.0,74,29.0,20,8,C
26.0,13,46.0,34,29,D
61.0,6,79.0,1,14,D
28.0,52,5.0,100,18,C
89.0,35,30.0,36,30,C
27.0,50,81.0,71,40,C
39.0,88,31.0,79,92,A
73.0,36,49.0,64,86,B
43.0,86,31.0,93,19,C
3.0,4,93.0,8,22,D
76.0,0,14.0,25,14,D
90.0,88,97.0,12,56,A
98.0,55,82.0,54,72,A
38.0,19,66.0,9,44,D
88.0,77,73.0,50,42,A
47.0,19,98.0,56,96,B
16.0,5,81.0,1,52,D
47.0,53,19.0,91,57,C
47.0,85,75.0,1,21,C
56.0,63,83.0,28,44,C
75.0,98,51.0,25,37,B
5.0,17,49.0,84,34,D
86.0,98,3.0,77,1,C
14.0,47,40.0,71,0,D
72.0,74,67.0,43,96,A
9.0,88,21.0,31,88,C
65.0,40,4.0,84,91,B
12.0,9,58.0,82,80,C
93.0,76,23.0,80,71,A
51.0,20,13.0,16,65,D
7.0,36,46.0,26,21,D
81.0,70,29.0,77,12,C
86.0,76,100.0,59,88,A
75.0,15,43.0,43,75,C
41.0,100,73.0,82,20,B
86.0,14,77.0,65,26,C
5.0,31,68.0,81,18,C
63.0,21,96.0,88,11,B
41.0,70,84.0,2,73,C
93.0,39,87.0,85,30,A
7.0,0,28.0,87,5,D
79.0,28,72.0,87,99,A
49.0,23,60.0,81,54,C
26.0,28,40.0,36,87,C
19.0,91,19.0,54,15,D
45.0,39,65.0,0,82,C
10.0,64,45.0,41,62,C
35.0,25,42.0,84,21,C
44.0,70,98.0,17,63,B
46.0,100,4.0,69,82,B
96.0,13,6.0,19,86,C
45.0,33,20.0,7,26,D
25.0,9,1.0,12,38,D
23.0,64,38.0,77,98,B
2.0,12,37.0,97,63,C
28.0,31,83.0,36,43,C
67.0,14,42.0,34,4,D
100.0,11,37.0,91,22,C
41.0,51,33.0,51,45,C
40.0,12,41.0,24,49,D
82.0,81,25.0,38,63,B
69.0,22,15.0,100,43,C
0.0,65,27.0,72,88,C
40.0,86,1.0,44,96,C
95.0,11,80.0,99,86,A
39.0,80,54.0,81,98,A
100.0,34,15.0,0,23,D
62.0,0,68.0,1,81,C
79.0,54,82.0,57,40,B
88.0,72,48.0,34,87,A
98.0,40,20.0,42,95,B
10.0,81,49.0,90,9,C
15.0,100,45.0,91,30,B
76.0,50,59.0,71,33,B
72.0,26,90.0,20,27,C
11.0,94,70.0,11,2,D
87.0,60,86.0,89,92,A
33.0,21,71.0,13,83,C
20.0,22,52.0,34,1,D
80.0,50,38.0,68,89,B
35.0,26,49.0,81,16,C
3.0,21,79.0,13,3,D
13.0,10,65.0,72,9,D
28.0,88,80.0,49,28,C
66.0,43,40.0,91,52,B
30.0,55,68.0,23,41,C
31.0,78,84.0,87,8,B
84.0,9,84.0,33,45,C
68.0,60,62.0,63,6,C
87.0,20,76.0,81,12,B
56.0,62,38.0,1,48,C
29.0,4,18.0,4,64,D
59.0,55,14.0,22,14,D
58.0,11,80.0,55,46,C
93.0,73,57.0,66,7,B
98.0,42,93.0,27,12,C
49.0,61,35.0,83,40,C
67.0,51,64.0,83,72,A
69.0,65,64.0,98,18,B
33.0,17,94.0,68,9,C
63.0,28,28.0,4,95,C
84.0,48,94.0,82,18,A
68.0,65,52.0,30,23,C
29.0,39,85.0,64,4,C
19.0,29,44.0,15,32,D
4.0,100,8.0,78,64,C
17.0,21,85.0,81,85,B
87.0,6,62.0,57,16,C
30.0,8,47.0,85,64,C
72.0,19,26.0,25,84,C
93.0,98,53.0,65,79,A
89.0,67,60.0,71,21,B
14.0,68,19.0,74,100,C
92.0,62,30.0,15,41,C
23.0,71,42.0,85,63,B
79.0,92,32.0,51,9,C
22.0,60,72.0,97,62,B
6.0,98,28.0,100,62,B
24.0,60,84.0,68,42,B
27.0,34,16.0,3,52,D
38.0,14,61.0,60,18,D
81.0,81,11.0,48,79,B
24.0,45,67.0,2,58,D
60.0,95,67.0,41,39,B
11.0,66,17.0,6,94,D
16.0,39,77.0,17,98,C
84.0,44,38.0,83,57,B
11.0,98,73.0,3,29,C
47.0,94,68.0,86,51,A
54.0,74,40.0,42,94,B
88.0,14,64.0,12,16,D
97.0,97,50.0,88,64,A
78.0,58,48.0,24,93,B
59.0,66,74.0,90,21,B
85.0,9,61.0,39,65,C
51.0,62,8.0,76,23,C
25.0,51,8.0,44,87,C
72.0,58,90.0,41,4,C
89.0,57,44.0,88,32,B
79.0,51,20.0,67,37,C
48.0,99,48.0,93,34,B
64.0,17,51.0,20,34,D
39.0,52,50.0,24,12,D
9.0,94,78.0,55,30,C
42.0,37,62.0,38,17,D
76.0,18,65.0,20,37,C
63.0,53,83.0,11,14,C
5.0,10,83.0,34,19,D
94.0,73,54.0,87,67,A
13.0,83,21.0,57,33,C
78.0,17,71.0,67,89,B
19.0,94,33.0,79,32,C
46.0,52,65.0,24,62,C
45.0,96,14.0,10,59,C
20.0,25,3.0,97,10,D
75.0,10,54.0,15,65,C
21.0,51,66.0,4,34,D
33.0,53,99.0,28,10,C
6.0,21,97.0,43,41,C
75.0,93,34.0,39,70,B
54.0,1,11.0,50,11,D
12.0,17,5.0,4,54,D
63.0,69,53.0,57,23,C
47.0,75,25.0,6,87,C
82.0,32,58.0,11,25,C
21.0,29,44.0,79,83,C
36.0,12,51.0,74,95,C
83.0,98,50.0,57,59,A
88.0,1,45.0,26,29,D
0.0,63,28.0,34,86,C
83.0,41,98.0,27,15,C
92.0,72,29.0,28,46,C
54.0,99,55.0,85,6,B
9.0,28,25.0,55,35,D
53.0,17,42.0,79,50,C
50.0,81,55.0,41,41,C
66.0,90,66.0,33,80,A
32.0,28,94.0,63,78,B
91.0,42,19.0,47,97,B
29.0,56,20.0,44,47,D
22.0,74,72.0,40,44,C
93.0,20,87.0,14,16,C
50.0,24,93.0,84,90,A
6.0,10,12.0,3,26,D
5.0,89,68.0,26,32,C
8.0,20,79.0,88,78,C
2.0,50,90.0,2,68,C
37.0,89,100.0,7,15,C
74.0,76,55.0,57,79,A
1.0,82,87.0,55,15,C
31.0,77,33.0,62,8,C
48.0,80,66.0,81,16,B
14.0,52,57.0,0,63,D
82.0,2,9.0,8,71,D
99.0,57,21.0,81,21,B
70.0,57,82.0,75,33,B
0.0,44,79.0,97,36,C
45.0,86,84.0,35,46,B
78.0,94,60.0,27,7,C
94.0,73,54.0,52,65,A
53.0,82,16.0,96,81,A
86.0,18,85.0,67,19,C
16.0,25,73.0,45,97,C
64.0,75,43.0,24,98,B
7.0,26,54.0,70,75,C
62.0,0,17.0,33,97,C
42.0,11,75.0,71,47,C
99.0,79,48.0,27,19,C
25.0,85,7.0,56,7,D
27.0,38,25.0,19,75,D
16.0,26,13.0,50,42,D
40.0,5,4.0,32,41,D
79.0,4,28.0,75,58,C
11.0,90,2.0,83,48,C
76.0,22,81.0,17,73,C
69.0,34,41.0,57,16,C
97.0,91,100.0,21,11,B
17.0,62,4.0,99,82,C
74.0,89,27.0,16,51,C
19.0,15,41.0,45,28,D
12.0,76,16.0,59,42,C
24.0,29,70.0,16,97,C
52.0,80,75.0,33,1,C
66.0,64,23.0,100,1,C
61.0,78,70.0,19,8,C
97.0,87,24.0,5,60,C
39.0,68,79.0,100,42,A
41.0,23,41.0,80,28,C
18.0,29,62.0,60,92,C
45.0,32,11.0,93,41,C
67.0,37,76.0,78,74,A
67.0,7,92.0,90,85,A
99.0,25,66.0,63,88,A
87.0,80,27.0,0,14,C
92.0,63,18.0,43,24,C
97.0,25,23.0,77,26,C
78.0,20,38.0,46,20,C
36.0,32,6.0,34,74,D
93.0,63,51.0,37,47,B
60.0,36,90.0,11,99,B
95.0,7,49.0,40,53,C
53.0,13,40.0,70,21,D
90.0,66,64.0,21,72,B
62.0,24,88.0,94,40,B
62.0,46,49.0,96,39,B
87.0,21,26.0,71,55,C
80.0,78,38.0,99,89,A
6.0,89,91.0,63,94,A
45.0,60,71.0,97,34,B
63.0,100,98.0,57,51,A
51.0,71,38.0,19,76,C
69.0,59,33.0,28,50,C
86.0,56,99.0,74,31,A
78.0,78,35.0,29,61,B
99.0,59,1.0,36,93,B
70.0,51,37.0,95,11,C
77.0,55,16.0,82,21,C
45.0,1,89.0,37,9,D
88.0,21,24.0,8,19,D
84.0,3,7.0,81,41,C
11.0,73,14.0,26,86,C
99.0,45,99.0,19,31,B
46.0,25,66.0,5,64,C
64.0,0,67.0,10,77,C
59.0,84,35.0,4,83,C
10.0,19,37.0,56,32,D
73.0,65,10.0,43,29,C
40.0,0,69.0,83,73,C
40.0,3,9.0,5,58,D
15.0,48,65.0,100,79,B
31.0,68,72.0,75,8,C
87.0,70,82.0,18,65,B
68.0,15,37.0,80,36,C
6.0,91,0.0,1,70,D
100.0,30,83.0,96,97,A
27.0,1,8.0,76,42,D
28.0,72,12.0,45,99,C
92.0,3,50.0,3,60,C
82.0,100,58.0,62,33,A
68.0,90,44.0,73,57,A
5.0,52,36.0,64,26,D
1.0,47,39.0,67,31,D
75.0,92,66.0,10,56,B
0.0,61,84.0,21,91,C
67.0,48,24.0,38,71,C
54.0,48,14.0,14,67,D
84.0,82,84.0,29,5,B
90.0,28,76.0,85,86,A
25.0,19,43.0,53,50,D
37.0,35,19.0,86,7,D
78.0,69,60.0,4,80,B
30.0,97,9.0,53,58,C
46.0,8,76.0,27,57,C
80.0,64,22.0,18,80,C
82.0,44,21.0,3,2,D
10.0,11,5.0,13,19,D
66.0,65,6.0,91,43,C
39.0,96,71.0,82,37,B
98.0,69,36.0,33,76,B
43.0,95,17.0,24,10,D
20.0,82,91.0,5,69,C
19.0,49,88.0,69,95,B
5.0,43,6.0,80,16,D
76.0,28,40.0,81,9,C
15.0,5,20.0,42,47,D
70.0,51,47.0,42,65,C
20.0,44,83.0,6,80,C
18.0,81,57.0,77,21,C
0.0,41,13.0,56,14,D
97.0,56,44.0,79,56,A
36.0,69,51.0,59,1,C
98.0,70,86.0,64,72,A
60.0,37,44.0,99,0,C
38.0,65,31.0,54,92,B
46.0,27,69.0,54,27,C
63.0,14,47.0,5,48,D
8.0,99,74.0,12,25,C
74.0,66,10.0,69,3,C
67.0,8,73.0,56,87,B
90.0,16,59.0,42,5,C
87.0,61,55.0,0,87,B
36.0,69,51.0,75,23,C
96.0,87,22.0,84,88,A
60.0,35,34.0,46,69,C
46.0,96,44.0,7,97,B
27.0,15,49.0,82,7,D
0.0,77,65.0,22,30,D
89.0,93,28.0,50,90,A
39.0,40,39.0,80,17,C
86.0,53,56.0,95,44,A
28.0,90,67.0,54,23,C
9.0,44,60.0,85,99,B
66.0,4,34.0,57,58,C
46.0,46,5.0,85,67,C
50.0,68,18.0,26,71,C
8.0,13,72.0,35,99,C
86.0,96,85.0,91,85,A
47.0,65,91.0,21,63,B
50.0,99,6.0,4,22,D
59.0,46,19.0,87,47,C
49.0,98,69.0,69,0,B
6.0,51,47.0,90,93,B
85.0,88,2.0,17,47,C
66.0,90,84.0,74,92,A
33.0,12,22.0,86,96,C
95.0,98,15.0,95,78,A
21.0,27,67.0,42,33,D
64.0,61,95.0,100,51,A
26.0,84,1.0,3,15,D
75.0,87,85.0,63,36,A
18.0,100,25.0,14,27,D
6.0,62,4.0,100,83,C
59.0,97,18.0,54,55,B
68.0,58,9.0,18,42,D
56.0,20,16.0,33,60,D
29.0,89,24.0,62,42,C
5.0,29,30.0,46,8,D
84.0,25,55.0,47,14,C
14.0,95,83.0,73,46,B
14.0,90,54.0,59,87,B
100.0,18,81.0,79,68,A
49.0,67,31.0,42,74,C
21.0,22,68.0,53,33,D
11.0,65,96.0,54,100,A
24.0,18,40.0,43,88,C
9.0,75,87.0,16,76,C
28.0,44,68.0,78,51,C
86.0,74,87.0,23,24,B
69.0,51,32.0,68,94,B
46.0,97,2.0,97,35,B
80.0,65,53.0,86,57,A
31.0,56,34.0,48,24,D
7.0,10,32.0,15,9,D
28.0,75,52.0,60,42,C
65.0,74,20.0,82,58,B
78.0,61,57.0,51,38,B
11.0,19,50.0,94,30,C
80.0,68,17.0,27,80,C
19.0,13,8.0,50,98,D
17.0,87,27.0,61,23,C
20.0,67,34.0,24,64,C
59.0,94,62.0,80,51,A
61.0,51,42.0,46,62,C
63.0,22,94.0,0,17,D
10.0,31,34.0,32,2,D
83.0,8,27.0,46,95,C
20.0,24,89.0,1,60,D
14.0,81,13.0,91,58,C
82.0,51,66.0,84,14,B
36.0,34,55.0,12,30,D
93.0,52,49.0,13,40,C
33.0,89,36.0,78,26,C
4.0,65,82.0,28,81,C
82.0,68,7.0,33,87,B
76.0,23,61.0,97,14,C
2.0,10,53.0,6,10,D
47.0,15,34.0,57,29,D
21.0,57,2.0,38,37,D
0.0,81,76.0,42,41,C
47.0,41,25.0,54,100,C
18.0,21,86.0,22,86,C
45.0,0,15.0,65,48,D
14.0,92,28.0,37,29,D
28.0,42,97.0,0,29,D
71.0,42,29.0,75,16,C
30.0,40,23.0,23,7,D
10.0,96,14.0,95,32,C
21.0,99,26.0,18,87,C
79.0,32,1.0,76,27,C
57.0,84,3.0,31,75,C
16.0,15,9.0,81,2,D
10.0,59,87.0,99,75,A
86.0,100,63.0,51,100,A
79.0,44,84.0,21,85,B
60.0,26,24.0,19,3,D
31.0,96,21.0,87,76,B
29.0,5,87.0,62,70,C
66.0,18,79.0,19,47,C
27.0,9,69.0,5,100,C
71.0,99,5.0,61,38,C
32.0,11,23.0,15,6,D
83.0,8,66.0,76,88,B
82.0,97,25.0,28,64,B
58.0,38,37.0,27,3,D
18.0,16,45.0,27,11,D
11.0,39,2.0,24,86,D
76.0,85,27.0,32,76,B
58.0,66,55.0,32,4,C
84.0,73,47.0,87,44,A
90.0,3,63.0,75,11,C
84.0,44,90.0,18,49,B
38.0,45,4.0,9,22,D
68.0,73,87.0,49,26,B
7.0,60,16.0,14,79,D
10.0,88,72.0,96,83,A
26.0,34,1.0,56,93,C
32.0,75,87.0,68,79,A
93.0,23,16.0,7,46,D
92.0,3,52.0,80,41,C
42.0,66,97.0,94,37,A
91.0,78,11.0,78,79,A
54.0,48,75.0,13,91,B
48.0,47,12.0,12,99,C
93.0,69,83.0,64,64,A
33.0,13,40.0,59,69,C
10.0,64,68.0,2,13,D
64.0,13,58.0,9,86,C
12.0,67,59.0,17,59,C
4.0,55,57.0,90,61,C
71.0,83,36.0,4,32,C
28.0,70,8.0,24,47,D
7.0,92,59.0,21,32,C
54.0,2,46.0,52,58,C
98.0,1,41.0,56,15,C
18.0,69,81.0,49,15,C
71.0,40,77.0,53,41,B
82.0,62,56.0,94,27,B
4.0,18,62.0,89,19,D
32.0,39,25.0,36,6,D
38.0,14,28.0,31,37,D
49.0,13,91.0,30,28,C
1.0,73,10.0,10,79,D
60.0,59,61.0,41,11,C
42.0,48,46.0,34,21,D
6.0,13,7.0,86,69,D
48.0,83,80.0,97,2,B
55.0,51,76.0,91,1,C
95.0,56,68.0,80,36,A
3.0,33,30.0,1,94,D
95.0,0,99.0,53,90,A
24.0,22,94.0,24,68,C
76.0,53,11.0,64,85,B
81.0,72,23.0,82,75,A
77.0,1,53.0,67,51,C
29.0,34,63.0,7,11,D
65.0,10,94.0,3,48,C
72.0,99,15.0,1,86,C
28.0,20,74.0,69,6,D
96.0,91,64.0,53,91,A
66.0,45,28.0,48,32,C
25.0,66,60.0,63,15,C
92.0,55,41.0,4,67,C
29.0,6,31.0,27,44,D
41.0,51,44.0,98,89,B
0.0,11,60.0,82,90,C
6.0,60,58.0,22,85,C
27.0,6,92.0,11,74,C
73.0,25,60.0,90,81,A
18.0,47,67.0,52,18,C
69.0,32,20.0,79,0,D
3.0,77,100.0,45,32,C
37.0,83,79.0,98,2,B
30.0,95,65.0,52,79,B
95.0,53,34.0,10,80,C
50.0,48,84.0,58,41,B
36.0,97,28.0,81,54,B
88.0,57,97.0,54,54,A
35.0,21,20.0,64,72,C
47.0,37,38.0,20,11,D
4.0,71,79.0,57,46,C
58.0,42,36.0,23,33,D
30.0,54,32.0,31,24,D
36.0,74,0.0,84,94,B
23.0,26,21.0,50,4,D
74.0,65,26.0,2,12,D
75.0,78,57.0,41,35,B
23.0,7,60.0,5,74,D
29.0,34,68.0,12,98,C
75.0,39,91.0,61,100,A
37.0,42,12.0,44,27,D
77.0,83,42.0,35,13,C
49.0,98,64.0,78,78,A
2.0,27,81.0,54,63,C
93.0,92,16.0,35,34,C
0.0,11,9.0,92,21,D
58.0,83,15.0,25,36,C
40.0,90,65.0,21,3,C
63.0,40,95.0,34,43,C
71.0,68,35.0,37,91,B
84.0,85,54.0,80,24,A
73.0,19,59.0,82,38,C
18.0,0,12.0,81,99,C
6.0,24,85.0,14,98,C
9.0,40,17.0,67,12,D
54.0,37,44.0,34,10,D
87.0,10,100.0,78,81,A
51.0,43,2.0,30,30,D
94.0,44,52.0,37,88,B
4.0,5,88.0,25,59,D
18.0,29,86.0,6,38,D
40.0,59,0.0,28,100,C
59.0,62,7.0,72,30,C
18.0,98,50.0,7,78,C
2.0,96,79.0,57,68,B
82.0,69,11.0,19,23,C
36.0,21,63.0,4,83,C
23.0,43,34.0,16,22,D
95.0,38,33.0,86,80,A
96.0,92,56.0,100,84,A
20.0,76,42.0,22,86,C
57.0,9,99.0,29,80,C
66.0,47,78.0,88,80,A
26.0,91,6.0,36,43,C
95.0,87,68.0,94,40,A
92.0,96,86.0,21,8,B
5.0,93,55.0,62,66,B
89.0,76,17.0,62,78,B
87.0,66,19.0,55,19,C
69.0,92,93.0,81,41,A
11.0,54,14.0,84,21,D
91.0,81,81.0,98,34,A
38.0,15,58.0,41,28,D
65.0,59,100.0,92,28,A
32.0,59,83.0,61,82,B
23.0,33,51.0,18,28,D
26.0,64,26.0,75,9,D
24.0,26,7.0,89,36,D
8.0,31,21.0,85,41,D
28.0,58,33.0,9,82,C
16.0,76,11.0,92,8,C
69.0,11,72.0,23,75,C
61.0,58,93.0,81,25,B
90.0,73,26.0,65,85,A
11.0,96,51.0,60,58,B
30.0,36,23.0,8,12,D
78.0,45,88.0,21,47,B
77.0,36,84.0,14,38,C
77.0,99,64.0,8,63,B
57.0,46,96.0,33,69,B
95.0,29,73.0,31,18,C
61.0,1,46.0,75,52,C
6.0,16,54.0,37,94,C
24.0,85,59.0,98,76,A
83.0,71,11.0,94,70,A
84.0,36,53.0,20,71,C
56.0,46,54.0,81,49,B
78.0,90,42.0,70,43,B
61.0,5,18.0,23,21,D
73.0,30,86.0,57,71,B
95.0,51,1.0,37,34,C
96.0,89,22.0,85,60,A
74.0,85,68.0,36,84,A
16.0,91,33.0,54,78,C
25.0,40,43.0,11,5,D
28.0,47,31.0,77,0,D
22.0,82,56.0,19,69,C
27.0,98,64.0,61,96,A
92.0,22,70.0,87,46,B
32.0,9,60.0,75,89,C
90.0,96,100.0,41,15,A
15.0,46,68.0,56,97,B
90.0,87,92.0,0,45,B
43.0,26,61.0,93,54,B
11.0,24,94.0,88,60,B
3.0,48,44.0,40,81,C
27.0,39,67.0,65,82,B
85.0,49,70.0,91,66,A
22.0,40,75.0,20,27,D
30.0,69,46.0,55,66,C
60.0,59,42.0,47,46,C
39.0,8,41.0,63,14,D
24.0,39,9.0,13,68,D
10.0,76,82.0,22,93,B
8.0,33,19.0,36,74,D
33.0,88,5.0,5,59,D
67.0,50,92.0,24,14,C
83.0,19,72.0,11,60,C
23.0,26,23.0,81,72,C
18.0,71,10.0,20,51,D
67.0,2,57.0,91,23,C
78.0,63,18.0,7,25,D
34.0,21,51.0,85,88,B
88.0,77,95.0,94,46,A
77.0,3,18.0,11,49,D
74.0,55,13.0,23,96,C
46.0,38,10.0,17,60,D
60.0,8,47.0,66,69,C
2.0,100,65.0,81,1,C
4.0,48,29.0,76,16,D
23.0,98,35.0,77,55,B
73.0,36,61.0,3,51,C
72.0,57,53.0,23,21,C
38.0,37,43.0,13,36,D
78.0,33,92.0,81,35,B
23.0,29,84.0,8,44,D
47.0,54,59.0,4,45,C
68.0,50,82.0,70,77,A
17.0,1,78.0,96,92,B
18.0,36,23.0,91,60,C
51.0,24,35.0,91,94,B
1.0,17,10.0,26,36,D
92.0,2,27.0,61,29,C
35.0,63,40.0,64,67,C
98.0,4,4.0,71,92,C
77.0,27,16.0,12,82,C
62.0,69,67.0,11,49,C
10.0,47,40.0,37,33,D
76.0,25,95.0,63,1,C
9.0,61,90.0,8,15,D
75.0,23,40.0,86,44,C
20.0,22,44.0,25,12,D
63.0,68,88.0,85,47,A
100.0,67,35.0,3,65,C
78.0,94,7.0,50,1,C
3.0,3,8.0,42,87,D
18.0,47,39.0,64,51,C
41.0,61,66.0,74,64,B
33.0,23,13.0,30,46,D
91.0,46,33.0,23,84,B
24.0,44,34.0,42,66,C
2.0,44,36.0,92,40,C
9.0,67,4.0,84,14,D
45.0,86,54.0,9,95,B
37.0,30,41.0,78,0,D
64.0,76,50.0,100,31,B
89.0,57,83.0,71,35,A
12.0,64,56.0,37,31,D
23.0,23,75.0,28,10,D
82.0,91,94.0,38,63,A
26.0,67,62.0,91,64,B
79.0,6,63.0,15,33,D
58.0,0,29.0,38,21,D
59.0,47,5.0,44,75,C
21.0,14,59.0,99,59,C
28.0,87,70.0,12,12,C
14.0,87,89.0,64,84,A
5.0,74,93.0,12,82,C
9.0,29,81.0,64,94,B
28.0,13,72.0,53,0,D
100.0,85,50.0,15,41,B
87.0,19,25.0,94,23,C
87.0,15,4.0,53,52,C
20.0,45,65.0,50,98,B
61.0,93,59.0,91,88,A
84.0,64,16.0,73,9,C
72.0,47,31.0,22,99,C
19.0,69,49.0,98,49,B
96.0,42,7.0,90,37,C
55.0,45,91.0,30,96,B
70.0,0,99.0,62,64,B
11.0,70,77.0,100,44,B
68.0,62,87.0,47,34,B
40.0,37,93.0,18,95,B
17.0,12,32.0,23,2,D
67.0,62,63.0,92,88,A
17.0,29,60.0,77,21,C
90.0,39,44.0,26,17,C
9.0,2,47.0,39,44,D
12.0,26,61.0,47,88,C
23.0,42,43.0,57,58,C
91.0,39,94.0,59,41,B
63.0,41,83.0,39,20,C
23.0,62,85.0,36,26,C
15.0,3,77.0,53,47,D
53.0,49,41.0,13,6,D
9.0,36,41.0,100,58,C
80.0,93,28.0,26,93,B
53.0,91,75.0,84,24,A
7.0,35,22.0,19,33,D
44.0,66,10.0,18,51,D
99.0,39,8.0,61,87,B
22.0,14,95.0,25,34,D
26.0,72,58.0,68,32,C
39.0,13,87.0,69,5,C
81.0,35,26.0,94,83,B
31.0,78,9.0,28,84,C
9.0,27,36.0,1,4,D
97.0,74,81.0,48,78,A
20.0,67,30.0,80,81,B
78.0,54,29.0,7,18,D
7.0,75,7.0,73,59,C
44.0,82,62.0,57,5,C
58.0,96,7.0,84,41,B
7.0,14,44.0,4,91,D
20.0,16,19.0,48,30,D
92.0,79,83.0,87,40,A
37.0,84,31.0,35,99,B
45.0,29,43.0,75,25,C
1.0,90,32.0,96,62,B
39.0,31,9.0,24,1,D
87.0,2,15.0,48,29,D
73.0,84,27.0,7,90,B
70.0,0,75.0,92,47,B
60.0,10,36.0,97,94,B
23.0,61,54.0,53,63,C
20.0,82,12.0,48,61,C
81.0,68,52.0,92,43,A
41.0,5,16.0,22,18,D
75.0,32,54.0,0,4,D
93.0,49,0.0,16,7,D
52.0,41,11.0,88,39,C
67.0,17,87.0,42,94,B
48.0,57,36.0,5,51,D
33.0,17,25.0,64,93,C
10.0,69,16.0,27,12,D
75.0,33,60.0,14,79,C
9.0,61,43.0,4,47,D
97.0,92,73.0,35,39,A
41.0,23,45.0,14,14,D
21.0,3,0.0,72,57,D
19.0,11,46.0,76,100,C
57.0,1,10.0,79,22,D
82.0,49,80.0,64,38,B
60.0,17,70.0,92,91,A
18.0,48,6.0,84,41,D
51.0,94,24.0,9,80,C
18.0,98,18.0,100,96,A
93.0,45,39.0,97,86,A
61.0,99,89.0,43,76,A
84.0,77,6.0,83,12,C
54.0,2,42.0,4,77,D
64.0,2,54.0,33,56,C
62.0,94,66.0,65,52,A
36.0,44,66.0,8,47,C
37.0,63,9.0,91,48,C
2.0,25,94.0,77,82,B
52.0,22,45.0,96,47,C
39.0,98,49.0,29,28,C
16.0,22,88.0,53,12,D
8.0,57,46.0,25,79,C
17.0,89,58.0,9,92,C
66.0,20,59.0,33,89,C
64.0,17,100.0,70,31,B
63.0,29,96.0,94,63,A
5.0,41,95.0,39,25,C
39.0,70,60.0,81,87,A
85.0,69,20.0,24,53,C
24.0,81,75.0,30,91,B
65.0,71,57.0,49,98,A
23.0,80,67.0,53,21,C
72.0,23,24.0,11,26,D
5.0,22,26.0,2,92,D
64.0,9,61.0,30,75,C
11.0,79,68.0,13,93,C
70.0,54,59.0,60,73,B
46.0,76,12.0,33,7,D
37.0,36,52.0,18,64,C
58.0,64,85.0,24,69,B
15.0,97,54.0,73,77,B
47.0,25,95.0,26,19,C
48.0,57,40.0,22,14,D
19.0,28,97.0,95,18,C
18.0,18,63.0,15,31,D
11.0,8,29.0,57,6,D
95.0,31,97.0,68,62,A
89.0,74,1.0,61,77,B
15.0,61,44.0,15,21,D
83.0,16,38.0,32,99,C
59.0,47,20.0,19,99,C
95.0,57,53.0,14,43,C
67.0,51,47.0,15,17,D
42.0,69,75.0,77,46,B
79.0,6,16.0,78,38,C
0.0,93,33.0,16,84,C
12.0,36,52.0,88,75,C
6.0,25,48.0,74,46,D
77.0,42,41.0,83,12,C
55.0,3,65.0,7,39,D
64.0,100,9.0,31,97,B
60.0,50,49.0,52,18,C
10.0,66,87.0,73,19,C
96.0,15,48.0,48,59,C
59.0,15,47.0,66,91,B
64.0,68,87.0,96,5,B
47.0,96,38.0,71,39,B
18.0,78,46.0,0,73,C
20.0,34,74.0,75,92,B
67.0,57,83.0,4,94,B
92.0,45,68.0,68,82,A
54.0,76,17.0,8,54,C
46.0,12,34.0,67,62,C
28.0,48,91.0,78,31,B
2.0,22,95.0,31,42,D
64.0,92,96.0,7,63,B
99.0,94,31.0,54,43,B
75.0,65,76.0,31,94,A
86.0,27,82.0,3,87,B
93.0,68,62.0,47,45,B
95.0,71,25.0,47,78,B
90.0,79,4.0,36,13,C
11.0,77,50.0,47,38,C
28.0,25,30.0,64,79,C
66.0,14,24.0,67,57,C
31.0,74,36.0,84,30,C
58.0,82,14.0,92,80,A
8.0,14,8.0,15,100,D
69.0,15,80.0,82,75,B
86.0,69,27.0,30,76,B
41.0,38,85.0,52,100,B
40.0,11,44.0,67,33,D
99.0,51,84.0,86,17,A
27.0,70,46.0,49,35,C
70.0,44,64.0,93,64,A
52.0,42,54.0,77,72,B
38.0,31,25.0,21,85,D
62.0,87,19.0,39,54,C
51.0,68,22.0,78,49,C
76.0,24,89.0,44,40,C
32.0,9,8.0,72,90,C
91.0,0,68.0,74,7,C
83.0,13,64.0,23,8,D
74.0,90,43.0,17,65,B
52.0,48,7.0,76,51,C
15.0,84,10.0,4,88,C
67.0,38,53.0,11,63,C
27.0,91,78.0,28,49,C
63.0,96,99.0,39,66,A
47.0,38,53.0,9,32,D
77.0,53,92.0,51,68,A
29.0,43,3.0,16,86,D
69.0,95,98.0,64,44,A
1.0,65,19.0,22,93,D
79.0,92,48.0,56,95,A
33.0,40,25.0,57,26,D
75.0,100,28.0,71,45,B
73.0,34,76.0,98,79,A
3.0,8,7.0,83,35,D
32.0,68,49.0,23,8,D
59.0,43,58.0,28,95,B
44.0,12,37.0,29,24,D
65.0,40,18.0,55,1,D
10.0,21,8.0,55,11,D
89.0,38,72.0,56,42,B
78.0,0,21.0,25,74,D
82.0,95,86.0,13,10,B
25.0,32,18.0,72,2,D
55.0,1,44.0,58,30,D
76.0,34,62.0,96,9,B
18.0,30,25.0,26,17,D
34.0,88,87.0,62,11,B
16.0,18,67.0,35,8,D
1.0,100,76.0,49,16,C
62.0,85,42.0,28,87,B
18.0,13,99.0,52,43,C
29.0,33,14.0,11,8,D
13.0,90,59.0,82,67,B
14.0,33,63.0,79,66,C
76.0,53,82.0,70,52,A
77.0,17,95.0,48,8,C
87.0,73,79.0,84,37,A
48.0,65,97.0,37,60,B
32.0,60,91.0,49,38,C
36.0,0,88.0,18,24,D
86.0,92,4.0,51,97,A
52.0,26,12.0,7,36,D
67.0,93,2.0,49,65,B
72.0,84,28.0,42,25,C
86.0,0,96.0,20,91,B
54.0,11,20.0,34,68,D
54.0,25,25.0,30,95,C
14.0,61,4.0,47,49,D
44.0,26,2.0,75,16,D
37.0,86,13.0,40,13,D
22.0,86,84.0,94,65,A
59.0,9,9.0,26,0,D
9.0,24,33.0,41,81,D
48.0,9,30.0,1,61,D
48.0,49,73.0,5,45,C
95.0,4,36.0,52,97,B
65.0,96,32.0,87,12,B
87.0,1,48.0,8,67,C
30.0,43,92.0,19,66,C
98.0,15,82.0,6,26,C
68.0,41,37.0,56,74,B
0.0,26,29.0,35,8,D
86.0,92,14.0,60,41,B
40.0,23,10.0,42,9,D
66.0,12,4.0,81,98,C
98.0,95,5.0,8,21,C
79.0,40,4.0,13,96,C
67.0,91,85.0,19,27,B
26.0,20,39.0,5,44,D
49.0,90,10.0,28,63,C
23.0,69,68.0,22,65,C
29.0,96,30.0,40,90,B
76.0,44,17.0,38,26,C
2.0,77,85.0,89,31,B
49.0,72,7.0,15,55,D
52.0,86,57.0,74,39,B
19.0,62,92.0,63,33,C
14.0,67,6.0,63,83,C
61.0,17,78.0,26,6,D
89.0,42,0.0,24,94,C
20.0,79,45.0,92,91,A
77.0,20,61.0,4,58,C
36.0,45,40.0,9,37,D
97.0,15,24.0,22,63,C
80.0,75,42.0,70,84,A
21.0,99,61.0,9,100,B
44.0,90,65.0,57,2,C
58.0,3,49.0,0,17,D
38.0,98,79.0,40,6,C
34.0,8,45.0,33,38,D
31.0,46,65.0,41,44,C
68.0,99,70.0,1,86,B
7.0,14,0.0,7,93,D
26.0,58,9.0,43,52,D
82.0,72,4.0,95,92,A
36.0,52,0.0,84,40,C
52.0,64,17.0,64,99,B
40.0,14,11.0,24,2,D
38.0,56,18.0,44,60,C
35.0,38,30.0,88,12,C
86.0,46,77.0,91,59,A
52.0,56,67.0,53,54,B
95.0,70,63.0,35,14,B
99.0,21,65.0,54,98,A
78.0,11,42.0,76,44,C
47.0,40,85.0,88,60,B
15.0,83,54.0,25,8,D
3.0,94,48.0,62,66,C
60.0,20,79.0,79,45,B
65.0,41,48.0,62,92,B
51.0,78,24.0,88,72,B
35.0,56,30.0,79,62,C
36.0,14,58.0,92,31,C
85.0,71,74.0,17,69,B
9.0,63,85.0,50,4,C
24.0,56,47.0,89,27,C
4.0,2,38.0,57,11,D
41.0,88,80.0,99,7,B
95.0,89,74.0,28,42,A
69.0,17,1.0,37,43,D
67.0,87,71.0,23,76,B
83.0,52,20.0,13,62,C
83.0,45,38.0,0,50,C
84.0,78,25.0,38,95,B
35.0,91,74.0,44,54,B
51.0,67,96.0,50,69,A
88.0,73,88.0,86,1,A
90.0,1,54.0,59,37,C
17.0,14,2.0,64,80,D
90.0,55,43.0,29,85,B
71.0,73,29.0,38,83,B
73.0,31,20.0,50,69,C
39.0,24,40.0,78,36,C
60.0,44,91.0,84,35,B
12.0,28,23.0,23,81,D
44.0,41,69.0,21,5,D
19.0,42,42.0,30,29,D
93.0,45,100.0,37,42,B
7.0,92,66.0,57,42,C
39.0,24,57.0,20,44,D
1.0,85,18.0,88,28,C
92.0,5,100.0,92,48,A
100.0,24,35.0,94,82,A
87.0,82,11.0,13,78,C
89.0,78,47.0,59,59,A
90.0,58,7.0,44,2,C
32.0,48,40.0,5,16,D
2.0,19,98.0,99,10,C
91.0,43,89.0,89,69,A
68.0,46,8.0,89,52,C
47.0,12,81.0,20,79,C
32.0,23,95.0,98,82,A
39.0,33,34.0,83,99,B
71.0,63,23.0,11,68,C
36.0,99,66.0,50,88,A
37.0,32,67.0,86,94,B
15.0,35,95.0,89,16,C
96.0,64,75.0,55,89,A
45.0,4,71.0,72,25,C
51.0,65,81.0,71,100,A
21.0,51,7.0,69,77,C
42.0,73,35.0,14,8,D
75.0,64,34.0,46,24,C
56.0,88,85.0,81,2,B
46.0,51,26.0,87,26,C
29.0,11,53.0,12,28,D
78.0,36,26.0,49,88,B
28.0,72,77.0,74,89,A
59.0,49,29.0,58,32,C
29.0,92,100.0,53,29,B
97.0,14,24.0,53,94,B
71.0,46,86.0,10,26,C
80.0,38,98.0,91,35,A
81.0,95,11.0,2,41,C
60.0,46,85.0,18,66,C
94.0,44,14.0,60,63,C
65.0,77,28.0,8,86,C
5.0,17,5.0,10,13,D
10.0,44,84.0,45,94,B
41.0,77,30.0,1,49,D
49.0,69,38.0,12,41,C
58.0,6,55.0,24,35,D
48.0,57,56.0,62,19,C
46.0,39,87.0,11,45,C
69.0,67,94.0,95,65,A
91.0,91,65.0,61,65,A
78.0,83,95.0,31,72,A
99.0,16,44.0,32,39,C
19.0,2,6.0,68,82,D
36.0,5,62.0,31,60,D
14.0,23,78.0,99,54,C
77.0,17,34.0,27,90,C
33.0,17,87.0,69,9,C
69.0,50,50.0,20,70,C
85.0,16,85.0,15,75,B
79.0,70,29.0,21,61,C
49.0,56,2.0,46,9,D
64.0,13,49.0,47,80,C
12.0,8,65.0,23,33,D
93.0,11,55.0,50,71,B
7.0,14,32.0,66,32,D
84.0,91,88.0,84,31,A
100.0,75,1.0,42,44,C
58.0,30,63.0,24,100,C
18.0,60,50.0,74,44,C
8.0,72,17.0,56,75,C
24.0,10,88.0,17,11,D
5.0,67,24.0,79,72,C
41.0,10,29.0,14,42,D
15.0,90,61.0,22,99,B
61.0,91,28.0,98,94,A
72.0,9,54.0,27,29,D
6.0,67,25.0,72,93,C
19.0,57,42.0,34,34,D
93.0,9,70.0,15,4,D
21.0,76,24.0,75,10,C
29.0,65,27.0,37,46,C
8.0,44,26.0,14,8,D
75.0,79,14.0,77,61,B
70.0,51,17.0,51,25,C
99.0,52,6.0,99,6,C
65.0,46,22.0,30,40,C
40.0,54,9.0,99,61,C
60.0,1,98.0,94,62,B
100.0,49,23.0,97,30,B
12.0,28,21.0,41,40,D
17.0,14,0.0,20,37,D
98.0,13,88.0,20,3,C
88.0,53,66.0,41,38,B
69.0,84,64.0,32,22,C
96.0,46,41.0,65,32,B
39.0,79,19.0,56,40,C
6.0,22,23.0,68,84,C
8.0,13,51.0,31,32,D
31.0,5,27.0,38,28,D
77.0,99,23.0,96,62,A
42.0,96,44.0,77,69,A
65.0,28,74.0,66,64,B
12.0,64,3.0,12,88,D
87.0,80,24.0,67,29,B
53.0,21,45.0,4,42,D
27.0,11,12.0,83,81,C
3.0,59,62.0,28,64,C
35.0,15,49.0,37,21,D
45.0,68,41.0,39,69,C
13.0,34,94.0,30,55,C
66.0,44,91.0,95,73,A
57.0,32,12.0,87,0,D
6.0,47,77.0,58,63,C
12.0,94,57.0,1,4,D
71.0,80,94.0,47,55,A
17.0,99,95.0,1,94,B
63.0,81,44.0,59,2,C
87.0,25,88.0,91,97,A
61.0,76,69.0,14,50,C
47.0,3,46.0,11,52,D
